Đặc trưng,Mức độ quan trọng
Temperature,0.12267257167080123
DEM,0.09088000702472904
Precipitation,0.0843603883839774
WindSpeed,0.08230873274228385
NBR,0.07389648723335833
EVI,0.06941049799726305
LSWI,0.0671380887317977
NDWI,0.0639880048584739
NDMI,0.05781527957467033
TCI,0.05621082883453156
Aspect,0.054845580360307344
SAVI,0.05381033025352033
NDVI,0.050926555065633906
VCI,0.04759599864691028
Slope,0.024140648621741832
