Đặc trưng,Mức độ quan trọng
Temperature,0.21523131900542924
WindSpeed,0.14997881465808813
Precipitation,0.13920516161561852
DEM,0.11734662961964702
EVI,0.07457224067872824
TCI,0.06765257509679352
NBR,0.06137800580161418
LSWI,0.04657643836198335
Aspect,0.046296575525598654
NDMI,0.04175145417980415
Slope,0.014130944120312575
NDWI,0.013688745600557328
NDVI,0.006678893994948576
SAVI,0.003665949845934938
VCI,0.0018462518949416244
